{"_runtime":78.2262922,"train_loss":0.05220016523520462,"eval/recall":1,"_wandb":{"runtime":78},"train/global_step":2000,"train/epoch":1000,"_step":201,"eval/steps_per_second":61.082,"train_runtime":79.4192,"train/grad_norm":0.0024162703193724155,"train_steps_per_second":25.183,"eval/precision":1,"eval/samples_per_second":458.114,"eval/accuracy":1,"eval/runtime":0.0327,"train/learning_rate":3.3333333333333334e-08,"train_samples_per_second":188.871,"eval/f1":1,"eval/loss":0.00024167679657693952,"total_flos":1.618331175e+13,"_timestamp":1.7501658187108433e+09,"train/loss":0.0002}