{"train/epoch":920,"train/global_step":920,"train/grad_norm":0.00048807443818077445,"_timestamp":1.7501661009907956e+09,"_runtime":20.3133323,"_step":91,"_wandb":{"runtime":20},"train/loss":0,"train/learning_rate":8.1e-06}