{"train_steps_per_second":33.021,"eval/recall":0,"eval/precision":0,"train_loss":0.031799170113139555,"_step":101,"eval/steps_per_second":76.41,"train/learning_rate":1.0000000000000001e-07,"_runtime":27.0262015,"_wandb":{"runtime":27},"eval/accuracy":0.5,"train/loss":0,"eval/samples_per_second":76.41,"train/epoch":1000,"train_runtime":30.2837,"eval/loss":3.143667697906494,"train/grad_norm":0.0010331334779039025,"total_flos":6.889909572e+12,"eval/f1":0,"train/global_step":1000,"eval/runtime":0.0131,"_timestamp":1.750166467721375e+09,"train_samples_per_second":33.021}