{"_runtime":27.6586802,"_wandb":{"runtime":28},"train/grad_norm":0.0011299917241558433,"eval/accuracy":0.5,"eval/recall":0,"train_runtime":28.8816,"_timestamp":1.7501687958303232e+09,"eval/loss":2.3233609199523926,"eval/samples_per_second":69.38,"train/learning_rate":1.0000000000000001e-07,"eval/f1":0,"train/epoch":1000,"eval/runtime":0.0144,"train_samples_per_second":34.624,"_step":101,"total_flos":6.889909572e+12,"train/loss":0,"eval/steps_per_second":69.38,"train_steps_per_second":34.624,"train/global_step":1000,"eval/precision":0,"train_loss":0.03503305652408744}