{"eval/precision":0.3333333333333333,"train/global_step":1000,"eval/loss":1.2146854400634766,"total_flos":1.164575556e+12,"eval/samples_per_second":54.026,"train/learning_rate":1.0000000000000001e-07,"train/grad_norm":0.00028287735767662525,"eval/recall":0.25,"eval/f1":0.28571428571428575,"train/epoch":1000,"_runtime":41.3960385,"_step":101,"eval/accuracy":0.5,"train_samples_per_second":23.55,"train_loss":0.030811278645080164,"_wandb":{"runtime":41},"_timestamp":1.7501657945800593e+09,"eval/runtime":0.0185,"eval/steps_per_second":54.026,"train_steps_per_second":23.55,"train_runtime":42.4627,"train/loss":0}