{"eval/loss":1.0534560680389404,"_timestamp":1.7501655855839012e+09,"_step":101,"train/learning_rate":1.0000000000000001e-07,"eval/precision":0.5,"eval/runtime":0.1378,"train/loss":0,"train_loss":0.03173157958679076,"train/grad_norm":0.0005735340528190136,"train/epoch":1000,"train_steps_per_second":46.42,"eval/steps_per_second":7.257,"train_runtime":21.5423,"eval/samples_per_second":7.257,"train/global_step":1000,"eval/recall":0.25,"total_flos":1.164575556e+12,"_wandb":{"runtime":19},"eval/accuracy":0.75,"_runtime":19.4897171,"eval/f1":0.3333333333333333,"train_samples_per_second":46.42}